country,year,CO2_per_capita,UR,URF,URM,PCGDP,Trade,RES
United States,1991,9.205141,4.120116,6.621704,6.443057,20617.33,95.90510,13.137901
United States,1992,10.858099,5.306311,5.623940,5.597220,41247.93,54.53168,7.121389
Germany,1991,11.2,7.3,8.1,6.8,23000,45.2,5.8
Germany,1992,10.8,6.9,7.8,6.2,24500,47.1,6.2
China,1991,2.1,2.3,2.8,1.9,400,35.6,32.1
China,1992,2.3,2.1,2.5,1.8,450,38.2,33.4